	first_name	last_name	gender	ip_address	age	adresse	time_zone	Job	Organisation	Academics	Languages	Qualification	Phone	Driving_Licence	Academics_Degree	Academics_DegreeStatus	Academics_GradYear	Academics_GradAverage	Job_Salary	Job_Status	Job_Experience	SNN
0	Frazier	Rusted	Male	157.255.87.234	163.98.102.146	471 Derek Pass	Indian/Mauritius	Budget/Accounting Analyst I	Dynava	College of Busniess Admnistration	Quechua	Critical Thinking	+230 324 248 2583	True	BSc	Waiting for gruaduation	2018	A	225000.00	PT	10	225-07-1298
1	Dulcea	Thorogood	Female	156.220.54.88	26.61.7.181	090 Melrose Crossing	Asia/Makassar	Help Desk Operator	Pixoboo	Universidad Internacional de Andalucía	Northern Sotho	Ehcache	+62 244 411 6504	False	Msc	Waiting for gruaduation	2018	B	75000.00	PT	20	225-07-1298
2	Josepha	McKew	Female	184.114.11.234	19.243.70.89	91247 Chinook Terrace	Asia/Jakarta	Developer III	Edgeclub	Konkuk University	Fijian	Smartphones	+62 191 771 3482	True	phD	Waiting for gruaduation	2018	A	225000.00	PT	10	225-07-1298
3	Ketty	Jirsa	Female	111.167.36.233	64.147.242.94	4 Briar Crest Lane	America/Guayaquil	Database Administrator III	Rhybox	Wayne State College	Moldovan	SFTP	+593 506 481 1190	True	BSc	Waiting for gruaduation	2018	A	25000.00	PT	20	225-07-1298
4	Kizzie	Hadfield	Female	153.69.94.188	124.37.37.158	2036 Carey Hill	Asia/Chongqing	Senior Sales Associate	Meemm	Universidad Regional del Sureste	Gagauz	Jet Fuel	+86 319 317 4141	False	BSc	Waiting for gruaduation	2018	B	350000.00	PT	25	225-07-1298
5	Tessie	Crinson	Female	227.212.88.24	192.44.128.101	29169 Schlimgen Circle	Europe/Moscow	GIS Technical Architect	Roomm	Zurich University of Applied Sciences Winterthur	Czech	WSPG	+7 994 293 4792	True	phD	Waiting for gruaduation	2018	A	75000.00	PT	3	225-07-1298
6	Cinda	Lesper	Female	66.149.185.230	158.10.18.78	389 Brentwood Place	Asia/Karachi	Computer Systems Analyst IV	Yodoo	Instituto Superior Novas Profissões - INP	Oriya	MVC Architecture	+92 880 303 3582	True	Msc	Waiting for gruaduation	2018	B	75000.00	PT	15	225-07-1298
7	Zorah	Swetland	Female	73.142.201.3	0.3.69.247	11 Fairview Court	Europe/Helsinki	Compensation Analyst	Tagopia	Wellspring University	Romanian	Government Procurement	+358 725 175 1612	False	Msc	Waiting for gruaduation	2018	C	55000.00	PT	15	225-07-1298
8	Solomon	Domanek	Male	224.84.127.195	232.203.236.156	920 Pine View Circle	Africa/Dar_es_Salaam	Dental Hygienist	Bubbletube	Fachhochschule Würzburg - Schweinfurt	Tamil	GWAPT	+255 241 625 6207	False	Msc	Graduated	2018	B	55000.00	PT	40	225-07-1298
9	Warden	Desvignes	Male	58.192.225.47	13.103.28.47	10740 Springview Point	America/Argentina/Cordoba	Assistant Manager	Yamia	Universidad Nacional de la Amazonía Peruana	Amharic	FX Derivatives	+54 629 892 9635	True	phD	Waiting for gruaduation	2018	A	150000.00	PT	25	225-07-1298
10	Dominga	Blackeby	Female	171.19.135.181	62.30.128.255	79 Moose Pass	America/Argentina/Cordoba	Speech Pathologist	Feedmix	Ecole Superieure Robert de Sorbon	Yiddish	Research Ethics	+54 679 275 0434	True	BSc	Graduated	2018	A	75000.00	PT	25	225-07-1298
11	Madelle	Von Helmholtz	Female	171.207.137.140	196.154.56.61	051 Jay Alley	Europe/Ljubljana	Environmental Specialist	Gabcube	Florida Christian College	Irish Gaelic	Product Knowledge	+386 602 591 6901	True	BSc	Graduated	2018	B	225000.00	PT	20	225-07-1298
12	Ariadne	McCory	Female	1.160.198.0	175.159.184.183	119 Blaine Lane	Europe/Minsk	Structural Engineer	Realblab	Shivaji University	Somali	Artistic Eye	+375 286 367 6450	False	BSc	Graduated	2018	C	25000.00	FT	20	225-07-1298
13	Waylin	Sharp	Male	54.254.224.122	176.186.107.135	33243 Caliangt Terrace	Asia/Shanghai	Software Test Engineer II	Meezzy	University of California System	Māori	Athletic Administration	+86 781 168 4541	False	Msc	Waiting for gruaduation	2018	A	350000.00	PT	15	225-07-1298
14	Twyla	Rubinsztein	Female	65.94.80.125	82.46.60.219	4 Thierer Pass	America/Dominica	Senior Editor	Oyoloo	Facultés Universitaires Catholiques de Mons	Azeri	Study Abroad Programs	+1 895 439 3774	True	Msc	Waiting for gruaduation	2018	B	350000.00	PT	40	225-07-1298
15	Bekki	Masser	Female	236.9.16.144	210.131.42.170	92 Harbort Avenue	America/Guatemala	Editor	Meeveo	Universidad Mayor de San Simón	Bengali	Metal Fabrication	+502 202 886 4839	False	Msc	Waiting for gruaduation	2018	A	55000.00	PT	3	225-07-1298
16	Carolan	Nadin	Female	254.64.42.209	70.219.22.210	810 Sycamore Alley	Asia/Makassar	Electrical Engineer	Blogtag	Tamkang University	Azeri	MBD	+62 583 802 6223	False	BSc	Graduated	2018	B	350000.00	FT	15	225-07-1298
17	Greggory	Strangeways	Male	115.160.238.179	221.252.198.17	37993 Rigney Point	Asia/Karachi	Dental Hygienist	Edgeify	Universidad de Aconcagua	West Frisian	TQC	+92 275 696 9203	True	Msc	Graduated	2018	B	55000.00	PT	35	225-07-1298
18	Jamil	Angrove	Male	70.160.97.255	222.49.85.250	2793 Corry Trail	Asia/Chongqing	Quality Engineer	Zoomzone	Murmansk State Technical University	Bengali	Google Webmaster Tools	+86 111 783 0091	False	BSc	Waiting for gruaduation	2018	C	350000.00	FT	15	225-07-1298
19	Prudence	Magowan	Female	87.237.88.128	238.68.98.97	10522 Westport Alley	Asia/Hebron	Research Nurse	Kwilith	Nakamura Gakuen University	Kyrgyz	ODS	+970 242 163 8542	False	Msc	Waiting for gruaduation	2018	B	15000.00	PT	40	225-07-1298
20	Giavani	Buswell	Male	107.153.205.131	145.3.67.45	39 Sloan Circle	America/Guatemala	Geologist I	Brainsphere	University College of the Cariboo	Haitian Creole	RTF	+502 729 175 5548	False	Msc	Waiting for gruaduation	2018	C	350000.00	PT	25	225-07-1298
21	Tobe	Bunstone	Female	19.186.57.11	100.7.118.23	87 Dakota Court	Asia/Jakarta	Software Test Engineer IV	Gabtype	Université d'Abobo-Adjamé	Dari	GPS Devices	+62 157 777 7123	True	phD	Waiting for gruaduation	2018	B	25000.00	PT	25	225-07-1298
22	Lise	Glyssanne	Female	13.10.107.83	73.56.216.210	7795 Dwight Court	Asia/Shanghai	Nurse Practicioner	Yambee	Shaheed Rajaei Teacher Training University	French	Mineral Exploration	+86 768 820 7407	False	BSc	Waiting for gruaduation	2018	A	15000.00	PT	25	225-07-1298
23	Sylvia	Stitch	Female	179.115.107.246	73.57.177.237	9606 Gateway Trail	America/New_York	Occupational Therapist	Dynazzy	Fachhochschule für die Wirtschaft	Hebrew	LCD Projectors	+1 516 453 5294	False	phD	Waiting for gruaduation	2018	B	95000.00	PT	10	225-07-1298
24	Ermina	Gillford	Female	230.4.247.62	183.221.228.72	9 John Wall Lane	America/New_York	Software Consultant	Tanoodle	Deutsche Sporthochschule Köln	Italian	Asset Allocation	+1 904 180 5581	True	Msc	Waiting for gruaduation	2018	A	350000.00	PT	25	225-07-1298
25	Renaldo	Gonnelly	Male	254.133.29.126	157.22.186.205	2 Hanover Crossing	America/Whitehorse	Geologist III	Mydeo	Blue Mountains Hotel School	Arabic	Nslookup	+1 358 955 0855	True	Msc	Waiting for gruaduation	2018	C	55000.00	FT	1	225-07-1298
26	Tracy	Biaggi	Female	201.92.95.169	137.249.10.22	72 David Trail	Asia/Chongqing	Electrical Engineer	Quimba	Mountains of the Moon University	Kashmiri	Import	+86 862 345 6985	True	phD	Waiting for gruaduation	2018	B	350000.00	PT	3	225-07-1298
27	Codie	Etchingham	Male	82.227.168.14	1.84.250.55	75058 Porter Road	Europe/Lisbon	Electrical Engineer	Mudo	Slovak Medical University	Yiddish	Syslog-ng	+351 802 310 4591	True	Msc	Waiting for gruaduation	2018	C	225000.00	PT	3	225-07-1298
28	Calla	Renison	Female	228.24.83.160	52.255.234.191	6273 David Street	Africa/Accra	Database Administrator III	Cogibox	Himeji Institute of Technology	Northern Sotho	Insurance	+351 883 636 5175	False	phD	Waiting for gruaduation	2018	B	350000.00	PT	25	225-07-1298
29	Gillian	McEwen	Female	173.129.145.32	129.168.182.171	64 Barby Parkway	Europe/Prague	Clinical Specialist	Twitterlist	Ecole Nationale Supérieure des Telecommunications de Bretagne	Assamese	UGS	+420 370 643 8430	True	Msc	Waiting for gruaduation	2018	B	55000.00	PT	25	225-07-1298
30	Issi	Seers	Female	207.134.252.49	101.125.121.94	57 Carpenter Street	Asia/Shanghai	Senior Quality Engineer	Zoonoodle	Concordia University, Irvine	English	Book Reviews	+86 980 629 9183	False	phD	Waiting for gruaduation	2018	A	350000.00	PT	3	225-07-1298
31	Madlen	Wellings	Female	169.208.12.170	4.184.206.75	6172 Buell Hill	America/Sao_Paulo	Safety Technician IV	Yakitri	Textile Institute of Pakistan	Haitian Creole	IES VE	+55 238 113 3861	True	Msc	Graduated	2018	A	25000.00	PT	40	225-07-1298
32	Pace	Djurdjevic	Male	30.193.117.86	7.242.252.189	8 Pearson Circle	Asia/Shanghai	General Manager	Dynava	Fachhochschule für Technik und Wirtschaft Berlin	Arabic	Call center start-up	+86 232 529 0735	False	phD	Waiting for gruaduation	2018	A	75000.00	PT	15	225-07-1298
33	Kial	Ravenshear	Female	240.111.37.147	59.175.163.70	9438 Prairie Rose Street	Asia/Shanghai	Research Associate	Midel	Nanjing University of Economics	Latvian	XFOIL	+86 222 563 5982	True	Msc	Waiting for gruaduation	2018	A	225000.00	FT	25	225-07-1298
34	Chastity	Dockery	Female	119.108.243.5	213.83.101.240	3 Larry Hill	America/Belem	Senior Cost Accountant	Yakidoo	Universidade Federal de Mato Grosso	Dutch	Cash Management	+55 590 154 1639	False	BSc	Waiting for gruaduation	2018	B	225000.00	PT	25	225-07-1298
35	Carolynn	Morrison	Female	50.217.104.188	251.170.179.34	0 4th Way	Asia/Chongqing	Staff Accountant I	Twimbo	Universidad Iberoamericana de Ciencia y Tecnologia	West Frisian	Business Objects	+86 706 620 5321	False	phD	Waiting for gruaduation	2018	B	350000.00	PT	3	225-07-1298
36	Denna	Dawnay	Female	16.215.32.158	5.79.205.119	006 Michigan Lane	Europe/Warsaw	Technical Writer	Tagcat	El Shorouk Academy	Tetum	Diabetes	+48 413 333 7726	False	phD	Graduated	2018	A	15000.00	PT	25	225-07-1298
37	Augy	McNabb	Male	155.123.15.37	23.150.215.51	685 Mcguire Trail	Asia/Chongqing	Senior Editor	Eabox	Inchon University	Khmer	Vi	+86 930 518 5797	False	Msc	Graduated	2018	B	75000.00	PT	1	225-07-1298
38	Audry	Lowes	Female	145.205.10.60	175.203.162.43	8 Ruskin Alley	Asia/Jakarta	Recruiting Manager	Thoughtbeat	Lutheran School Of Theology In Aarhus	Bosnian	Digital Journalism	+62 558 870 9940	False	Msc	Waiting for gruaduation	2018	A	55000.00	FT	15	225-07-1298
39	Joycelin	Wippermann	Female	128.87.131.2	126.166.227.54	71 Merchant Road	Europe/Belgrade	Editor	Wikizz	American University	Northern Sotho	CNA	+381 166 379 8454	False	phD	Waiting for gruaduation	2018	B	15000.00	PT	40	225-07-1298
40	Ivor	Dering	Male	223.134.226.58	11.208.245.66	4 Buhler Alley	Europe/Stockholm	Environmental Specialist	Blognation	COSMIQ Institute of Technology	Lithuanian	eBay API	+46 659 377 5236	False	phD	Waiting for gruaduation	2018	A	35000.00	PT	25	225-07-1298
41	Noak	Cisec	Male	70.50.84.243	202.143.194.131	1 Hayes Pass	Europe/Warsaw	Product Engineer	Shuffledrive	Technical University of Zielona Gora	Kyrgyz	Six Sigma	+48 937 623 7670	True	Msc	Waiting for gruaduation	2018	A	75000.00	PT	1	225-07-1298
42	Cull	Waterdrinker	Male	81.6.69.134	130.238.99.101	78513 Lighthouse Bay Park	Europe/Athens	Safety Technician II	Digitube	Universidad Latina	Japanese	IxLoad	+30 394 323 1728	True	Msc	Graduated	2018	A	25000.00	PT	15	225-07-1298
43	Colette	Allpress	Female	3.18.127.14	226.232.33.186	0655 Monica Circle	Europe/Prague	Programmer I	Youspan	Payame Noor University	Bengali	WSUS	+420 673 410 8176	False	Msc	Waiting for gruaduation	2018	A	55000.00	PT	15	225-07-1298
44	Rinaldo	de Mendoza	Male	195.218.237.134	156.79.210.49	76 Ramsey Place	Africa/Lagos	Financial Analyst	Gigazoom	University of Toronto, Mississauga	Luxembourgish	Spring MVC	+234 282 765 1108	True	phD	Waiting for gruaduation	2018	B	350000.00	PT	3	225-07-1298
45	Claiborne	Feathersby	Male	59.200.22.138	187.62.62.67	08283 Arrowood Drive	Asia/Jayapura	Legal Assistant	Podcat	DeVry Institute of Technology, Columbus	Catalan	PBIS	+62 891 233 7814	False	phD	Waiting for gruaduation	2018	B	15000.00	PT	25	225-07-1298
46	Virgina	Pate	Female	226.29.45.73	164.187.74.167	1 Fremont Point	Europe/Dublin	Analyst Programmer	Zoombeat	Knowledge College for Science and Technology	Sotho	Smart GWT	+353 384 506 4285	True	phD	Waiting for gruaduation	2018	C	25000.00	PT	25	225-07-1298
47	Lonnie	Quakley	Female	150.19.27.43	118.82.0.192	0793 Starling Parkway	Asia/Shanghai	Computer Systems Analyst IV	Twiyo	Taj International College	Spanish	Zines	+86 735 554 8171	True	phD	Waiting for gruaduation	2018	C	55000.00	PT	20	225-07-1298
48	Giraldo	Eager	Male	234.137.45.104	57.76.87.57	1 Hayes Street	Europe/Zaporozhye	Recruiter	Quimm	Florida Southern College	Nepali	Angel LMS	+380 299 174 3710	True	BSc	Waiting for gruaduation	2018	B	350000.00	PT	3	225-07-1298
49	Jeddy	McKinstry	Male	219.244.229.222	88.80.129.193	8633 Bunker Hill Drive	Asia/Manila	Administrative Officer	Aibox	Virginia Union University	Hindi	Integrated Circuit Design	+63 857 902 0542	True	phD	Waiting for gruaduation	2018	B	350000.00	PT	15	225-07-1298
50	Nina	Medmore	Female	50.76.149.84	201.142.102.60	423 Ridge Oak Road	Europe/Kaliningrad	Geologist I	Innojam	Ghazni University	Kurdish	Data Center	+7 991 819 2498	False	Msc	Graduated	2018	A	225000.00	PT	3	225-07-1298
51	Renault	Meeson	Male	139.167.178.112	219.101.19.249	2 David Circle	Europe/Samara	Tax Accountant	Yakidoo	Ferris State University	Armenian	ASP.NET AJAX	+7 699 305 1747	False	BSc	Graduated	2018	A	55000.00	PT	25	225-07-1298
52	Ardelis	Lezemere	Female	135.64.26.167	112.55.154.238	460 Burning Wood Hill	Africa/Casablanca	Sales Associate	Vinte	Universitas Widyatama	Latvian	SRT	+212 414 981 2492	False	BSc	Waiting for gruaduation	2018	C	75000.00	PT	25	225-07-1298
53	Lilyan	Malser	Female	80.99.179.227	237.77.97.213	407 Toban Plaza	Asia/Tokyo	Software Consultant	Twitterwire	Coastal Carolina University	Mongolian	Asset Allocation	+81 799 820 4749	False	Msc	Waiting for gruaduation	2018	C	25000.00	PT	20	225-07-1298
54	Rodge	Beazer	Male	188.73.161.202	217.69.48.145	40 Shelley Road	America/Sao_Paulo	Product Engineer	Skyndu	Catholic University of Pusan	Bislama	RSLogix	+55 654 812 0810	False	phD	Waiting for gruaduation	2018	B	350000.00	PT	3	225-07-1298
55	Maximilianus	Tinsey	Male	97.77.218.4	129.222.13.29	711 Kedzie Place	Europe/Skopje	Statistician III	Mycat	Università Pontifcia Salesiana	Catalan	TPNS	+389 274 779 4240	True	Msc	Waiting for gruaduation	2018	B	25000.00	PT	25	225-07-1298
56	Roger	Willoway	Male	70.130.10.70	122.232.128.7	699 Eggendart Parkway	Asia/Shanghai	Software Engineer III	Tazz	Universidad Pedagógica y Tecnológica de Colombia	Hungarian	SnagIt	+86 248 689 1023	False	phD	Waiting for gruaduation	2018	C	150000.00	PT	20	225-07-1298
57	Wye	Casado	Male	253.176.143.6	210.122.244.195	98261 Mcbride Point	Asia/Shanghai	Senior Quality Engineer	Livetube	Tashkent State University of Economics	Irish Gaelic	ISO	+86 749 662 3584	True	BSc	Waiting for gruaduation	2018	A	350000.00	FT	25	225-07-1298
58	Florrie	Hardway	Female	183.128.193.34	228.167.150.52	7201 Memorial Junction	America/Chicago	Design Engineer	Wordpedia	American InterContinental University - Ft. Lauderdale	Tetum	ESB	+1 319 105 2369	True	BSc	Waiting for gruaduation	2018	B	350000.00	PT	25	225-07-1298
59	Tim	Paramore	Female	186.144.2.102	56.33.44.5	0 Towne Trail	Europe/Volgograd	Research Nurse	Tagchat	Martin-Luther Universität Halle-Wittenberg	German	Vehicle Dynamics	+7 237 451 4788	True	BSc	Graduated	2018	C	350000.00	PT	35	225-07-1298
60	Hobey	Wroughton	Male	217.82.223.76	241.17.3.142	39 Stoughton Junction	America/Mazatlan	Analyst Programmer	Aimbu	Hamdan Bin Mohammed e-University	Estonian	EBSCO	+52 497 457 6683	False	BSc	Graduated	2018	A	350000.00	PT	35	225-07-1298
61	Dorise	Veart	Female	120.206.58.137	158.132.231.202	05 Waywood Center	Asia/Makassar	Research Nurse	Livefish	Universitas Komputer Indonesia	Arabic	MW	+62 338 127 7325	False	phD	Waiting for gruaduation	2018	A	55000.00	FT	15	225-07-1298
62	Edin	Hawley	Female	152.30.7.43	146.174.205.133	32 Park Meadow Street	Asia/Tokyo	GIS Technical Architect	Feedmix	Universidad Internacional del Ecuador	Fijian	OATS	+81 632 880 6742	True	BSc	Waiting for gruaduation	2018	B	75000.00	PT	3	225-07-1298
63	Richmound	Cottill	Male	10.143.176.214	86.254.227.247	0 Jay Circle	Asia/Jakarta	Professor	Quinu	Universidad Centroamericana de Ciencias Empresariales (UCEM)	Czech	Zuora	+62 511 485 9351	True	BSc	Waiting for gruaduation	2018	B	15000.00	PT	15	225-07-1298
64	Maddy	Houldcroft	Male	184.161.184.202	231.63.147.228	44 Debra Court	Europe/Moscow	Environmental Specialist	Mycat	Saxion Universities 	Portuguese	MQSI	+7 524 550 2158	True	Msc	Waiting for gruaduation	2018	A	15000.00	PT	20	225-07-1298
65	Sinclare	Mee	Male	153.140.172.128	61.91.98.246	98 Rutledge Trail	Europe/Moscow	VP Marketing	Jabbersphere	Universidade Cidade de São Paulo	Dzongkha	DS4000	+7 753 748 8886	False	phD	Waiting for gruaduation	2018	A	75000.00	PT	10	225-07-1298
66	Lebbie	Howett	Female	161.224.165.145	255.183.24.83	77 Hanson Trail	Asia/Chongqing	Structural Engineer	Tagpad	Södertörn University College	Bosnian	Lyra	+86 345 528 0254	False	phD	Graduated	2018	A	225000.00	PT	10	225-07-1298
67	Ivette	Nabarro	Female	183.129.242.149	86.231.172.155	615 Declaration Lane	Asia/Jakarta	Software Engineer IV	Mycat	Islamic Azad University, Qazvin	Romanian	Job Analysis	+62 404 690 0033	False	phD	Waiting for gruaduation	2018	C	350000.00	FT	25	225-07-1298
68	Fey	Morewood	Female	77.184.111.60	82.216.178.152	72 Barnett Point	Asia/Colombo	Desktop Support Technician	Oyonder	Queens University	Khmer	Fire Alarm	+94 555 749 8791	True	Msc	Waiting for gruaduation	2018	A	25000.00	FT	15	225-07-1298
69	Roda	Ashwin	Female	124.157.145.9	85.54.70.86	9454 Armistice Lane	Asia/Muscat	Help Desk Operator	Livefish	Universidad de La Salle, Bajío	Armenian	MLA	+968 798 244 3221	True	phD	Waiting for gruaduation	2018	B	225000.00	PT	15	225-07-1298
70	Starr	Benet	Female	214.200.236.101	108.123.208.201	296 Montana Way	Europe/Helsinki	Staff Accountant IV	Dablist	International Christian University	Malay	SVM	+358 582 507 5965	False	Msc	Waiting for gruaduation	2018	A	75000.00	FT	15	225-07-1298
71	Nealson	Newe	Male	84.14.106.150	36.190.113.121	12877 Barnett Place	Asia/Chongqing	Developer IV	Roomm	Stefan University	Northern Sotho	JVM	+86 667 635 5219	False	BSc	Waiting for gruaduation	2018	B	25000.00	PT	15	225-07-1298
72	Grace	Huffey	Male	55.149.78.146	254.208.19.126	629 Riverside Court	Asia/Jakarta	Quality Control Specialist	Viva	Samara State Academy for Railway Transportation	Swahili	PFEP	+62 932 463 3439	True	phD	Waiting for gruaduation	2018	C	75000.00	PT	25	225-07-1298
73	Durant	Gebuhr	Male	191.25.181.208	222.30.101.100	34265 Moulton Way	Asia/Jayapura	Web Designer III	Livefish	Brigham Young University	Oriya	Eyelash Extensions	+62 139 478 0211	False	Msc	Waiting for gruaduation	2018	A	75000.00	PT	20	225-07-1298
74	Cullin	Doumerc	Male	206.61.120.22	192.118.164.240	064 Bayside Circle	Asia/Karachi	Director of Sales	Skiptube	Royal University of Law and Economics	Romanian	Virtualization	+92 449 540 0616	True	phD	Waiting for gruaduation	2018	B	75000.00	FT	1	225-07-1298
75	Paola	Greendale	Female	47.41.73.167	4.57.18.116	61394 1st Terrace	Asia/Seoul	Environmental Tech	Katz	University of Hawaii - Hilo	Guaraní	Military Experience	+82 510 967 6246	True	Msc	Graduated	2018	C	25000.00	PT	25	225-07-1298
76	Emile	Dearlove	Male	78.43.37.65	74.124.102.85	78647 Raven Point	Europe/Prague	Chief Design Engineer	Centimia	Universidad Interamericana	Swati	CSV	+420 164 257 9746	True	phD	Waiting for gruaduation	2018	A	75000.00	PT	35	225-07-1298
77	Lyndsey	Mapledoore	Female	178.81.200.235	13.71.89.250	80 Clarendon Crossing	Asia/Chongqing	Chemical Engineer	Pixope	NAES College	New Zealand Sign Language	Investment Banking	+86 525 137 2266	True	BSc	Waiting for gruaduation	2018	A	25000.00	PT	25	225-07-1298
78	Essie	Breton	Female	201.126.44.144	222.86.131.224	20 Ridgeway Parkway	Asia/Jakarta	Quality Engineer	Cogilith	Beijing Institute of Technology	Swedish	Laboratory Skills	+62 498 140 6831	False	phD	Waiting for gruaduation	2018	B	55000.00	PT	35	225-07-1298
79	Nathaniel	Hinkens	Male	31.59.22.133	239.171.211.89	3021 Manufacturers Plaza	Europe/Warsaw	Software Engineer III	Twitternation	National Sun Yat-Sen University	French	Xilinx ISE	+48 891 623 5757	False	BSc	Graduated	2018	C	15000.00	PT	15	225-07-1298
80	Averyl	Gillmore	Female	141.53.136.120	206.209.140.67	00 Crowley Junction	Asia/Shanghai	Editor	Browsetype	University of Gastronomic Sciences	Kyrgyz	GTAW	+86 882 225 7952	True	Msc	Waiting for gruaduation	2018	B	350000.00	PT	15	225-07-1298
81	Vally	Addionisio	Female	251.5.154.41	208.168.216.124	810 Lien Court	Asia/Chongqing	Nurse Practicioner	Avamm	Shandong University of Art and Design	Pashto	Union Avoidance	+86 747 342 3671	True	Msc	Waiting for gruaduation	2018	B	95000.00	PT	3	225-07-1298
82	Claudio	Oliveira	Male	81.171.209.79	97.56.67.9	58 Vidon Trail	Asia/Tokyo	Executive Secretary	Blogspan	Massachusetts College of Liberal Arts	Latvian	NLS	+81 607 998 9769	False	Msc	Waiting for gruaduation	2018	A	75000.00	PT	35	225-07-1298
83	Brennen	Stapele	Male	186.55.33.195	212.31.246.106	6 Lillian Way	Europe/Moscow	Design Engineer	Gabcube	Maine Maritime Academy	Romanian	RGB	+7 766 797 3976	True	Msc	Waiting for gruaduation	2018	C	95000.00	PT	3	225-07-1298
84	Teirtza	Cuddon	Female	69.40.49.93	171.24.68.253	4 Shelley Drive	Asia/Manila	VP Sales	Einti	China University of Mining Technology - Xuzhou	Fijian	HMI Design	+63 431 960 8828	True	phD	Waiting for gruaduation	2018	C	350000.00	FT	25	225-07-1298
85	Bryant	de Guerre	Male	57.118.30.37	196.91.141.230	0 Nancy Way	Asia/Dhaka	Technical Writer	Thoughtbridge	University of Sri Jayawardenapura	Dutch	LaTeX	+880 444 318 8918	True	Msc	Graduated	2018	B	350000.00	PT	40	225-07-1298
86	Joana	Doget	Female	135.220.244.222	17.248.242.30	7 Garrison Park	Asia/Jayapura	Physical Therapy Assistant	Tambee	Ewha Women's University	Indonesian	NHS	+62 374 119 0673	False	Msc	Waiting for gruaduation	2018	B	350000.00	PT	35	225-07-1298
87	Bambie	Origin	Female	75.70.146.46	35.4.132.128	85079 Lillian Place	America/La_Paz	VP Marketing	Skaboo	Universidad del Valle del Bravo	Afrikaans	Product Marketing	+591 733 950 6453	True	phD	Waiting for gruaduation	2018	A	75000.00	PT	25	225-07-1298
88	Aarika	Scullin	Female	87.26.27.15	127.7.44.190	65 Sundown Parkway	Europe/Athens	Tax Accountant	Meevee	New York College of Podiatric Medicine	Ndebele	Xoops	+30 240 768 7626	True	Msc	Waiting for gruaduation	2018	B	25000.00	FT	3	225-07-1298
89	Kirk	Sawbridge	Male	253.121.250.28	144.15.223.10	8 Delaware Circle	Europe/Uzhgorod	Professor	Myworks	Rutgers, The State University of New Jersey - Camden	Malagasy	Nanomaterials	+380 929 470 5738	False	Msc	Waiting for gruaduation	2018	A	75000.00	PT	15	225-07-1298
90	Burke	Wesker	Male	106.198.138.65	204.69.78.88	373 Lindbergh Court	Asia/Manila	Marketing Assistant	Brainbox	Bahrain Polytechnic	Bosnian	Higher Education Administration	+63 210 832 6932	False	phD	Waiting for gruaduation	2018	B	55000.00	PT	3	225-07-1298
91	Johnathon	Byfford	Male	38.176.65.227	203.246.242.162	162 3rd Park	Asia/Manila	Librarian	Skilith	New College of California	Bulgarian	PMBOK	+63 303 637 0715	False	Msc	Waiting for gruaduation	2018	B	350000.00	PT	35	225-07-1298
92	Ricki	Trail	Male	68.230.101.169	114.217.82.150	7634 Surrey Parkway	Europe/Paris	Staff Scientist	Centimia	University of Ulster	German	EBP	+33 928 989 9984	True	BSc	Waiting for gruaduation	2018	B	55000.00	PT	3	225-07-1298
93	Rice	Cawker	Male	175.91.14.0	53.187.42.171	2926 Forest Run Way	America/Lima	Data Coordiator	Skyba	Huron University USA in London	Romanian	Critical Illness	+51 934 366 6438	True	phD	Waiting for gruaduation	2018	A	225000.00	PT	20	225-07-1298
94	Cecil	Barcke	Female	194.126.67.80	128.88.211.152	455 Miller Junction	Europe/Moscow	Nurse	Mydeo	Kobe Pharmaceutical University	Bislama	HR Management	+7 826 712 7252	True	phD	Waiting for gruaduation	2018	B	75000.00	PT	1	225-07-1298
95	Wendye	Yong	Female	198.252.113.62	7.159.120.33	5967 Steensland Circle	Asia/Shanghai	Speech Pathologist	Devpulse	Emanuel University	Burmese	System Architecture	+86 612 937 5219	False	BSc	Waiting for gruaduation	2018	B	350000.00	PT	25	225-07-1298
96	Gianina	Coathup	Female	46.122.147.161	20.2.97.91	907 Prentice Lane	Europe/Warsaw	Statistician III	Bubblemix	Harran University	Moldovan	Komodo Edit	+48 136 100 6914	False	BSc	Waiting for gruaduation	2018	B	55000.00	FT	25	225-07-1298
97	Cornelius	Hulburt	Male	192.243.28.38	70.106.60.179	36148 Eggendart Place	Asia/Jakarta	Civil Engineer	Skyba	Islamic University of Technology	Māori	Medical Education	+62 926 722 1015	True	phD	Waiting for gruaduation	2018	A	95000.00	PT	15	225-07-1298
98	Mufinella	Harwick	Female	56.146.144.172	206.12.88.171	448 Gateway Road	Asia/Jakarta	Civil Engineer	Devpoint	Kurdistan University of Medical Sciences	Hindi	KRA	+62 602 170 0478	True	Msc	Waiting for gruaduation	2018	A	55000.00	PT	3	225-07-1298
99	Perle	Wontner	Female	226.161.134.215	235.145.184.147	8868 Crownhardt Road	Asia/Bangkok	Accounting Assistant IV	Yodoo	University of Bolton	Icelandic	Jigs	+66 918 858 6682	True	BSc	Waiting for gruaduation	2018	B	225000.00	FT	25	225-07-1298
100	Cristian	Baillie	Male	45.250.13.240	156.78.7.4	8 Grover Junction	Asia/Shanghai	Editor	Mybuzz	Brigham Young University	Italian	Updos	+86 705 163 2198	True	phD	Waiting for gruaduation	2018	B	75000.00	FT	3	225-07-1298
101	Terri	Forkan	Male	50.255.193.4	229.138.68.234	21783 Hoard Park	Europe/Moscow	Analyst Programmer	Meevee	Chang Gung University	French	WFC	+7 230 608 9163	True	Msc	Waiting for gruaduation	2018	A	25000.00	PT	3	225-07-1298
102	Jerrie	Ridge	Female	201.140.146.27	9.58.11.255	68 Melody Lane	America/Fortaleza	Associate Professor	Browsebug	Miami University of Ohio - Middletown	Dutch	RDC	+55 977 463 1966	False	phD	Waiting for gruaduation	2018	C	75000.00	PT	3	225-07-1298
103	Ibby	Dobkin	Female	83.90.166.33	137.223.75.153	46 Waxwing Junction	Asia/Ho_Chi_Minh	Senior Editor	Quimm	SASTRA Deemed University	Portuguese	Investments	+84 620 689 9494	False	phD	Graduated	2018	A	225000.00	PT	25	225-07-1298
104	Gerard	Ellison	Male	140.56.161.117	42.4.69.32	41187 Reinke Junction	America/Sao_Paulo	Recruiting Manager	Rhycero	Donghua University, Shanghai	Indonesian	Utilization Management	+55 720 954 0558	False	phD	Graduated	2018	A	225000.00	PT	3	225-07-1298
105	Mag	Ingman	Female	230.12.60.210	158.162.73.18	2549 Stephen Lane	America/Bogota	Software Consultant	Chatterpoint	Universiti Kuala Lumpur Malaysian Institute of Information Technology (MIIT)	Spanish	Administrative Assistance	+507 247 257 5674	True	Msc	Waiting for gruaduation	2018	B	150000.00	PT	3	225-07-1298
106	Meir	Farebrother	Male	46.197.224.185	202.150.24.115	56453 Jay Point	America/Cuiaba	Health Coach III	Meetz	Université Joseph Fourier (Grenoble I)	Khmer	Zeus	+55 918 744 2561	False	Msc	Graduated	2018	B	75000.00	PT	20	225-07-1298
107	Lisetta	Thurstan	Female	82.76.17.221	62.155.58.14	8953 Monica Way	Africa/Freetown	Nuclear Power Engineer	Eimbee	Walden University	Hindi	Nastran	+224 211 289 1724	True	Msc	Waiting for gruaduation	2018	C	95000.00	PT	3	225-07-1298
108	Berkie	Dryburgh	Male	114.141.119.144	237.179.7.32	603 Holy Cross Parkway	Asia/Jakarta	Biostatistician I	Demizz	Mandalay Technological University	Yiddish	Rhetorical Analysis	+62 862 503 5725	True	BSc	Waiting for gruaduation	2018	A	350000.00	PT	15	225-07-1298
109	Grange	Newlove	Male	253.244.43.48	76.2.230.247	6126 Buena Vista Way	Asia/Chongqing	Executive Secretary	Feedfish	Osaka Electro-Communication University	Lithuanian	PXI	+86 607 713 8664	True	Msc	Graduated	2018	B	55000.00	PT	3	225-07-1298
110	Lock	Hackworthy	Male	232.240.3.25	33.76.92.149	1874 Menomonie Terrace	Asia/Shanghai	Financial Analyst	Wordify	University of Colorado Health Sciences Center	Kashmiri	Sketching	+86 628 921 1896	False	phD	Waiting for gruaduation	2018	C	25000.00	PT	20	225-07-1298
111	Nadean	Ikringill	Female	205.26.60.122	127.77.135.86	59824 Kingsford Pass	America/Sao_Paulo	Physical Therapy Assistant	Katz	Pennsylvania State University - Berks-Lehigh Valley College	Persian	Waste Management	+55 447 357 8946	True	phD	Waiting for gruaduation	2018	C	55000.00	PT	1	225-07-1298
112	Thadeus	Maneylaws	Male	38.141.1.12	155.71.15.185	48149 Northwestern Lane	Asia/Ho_Chi_Minh	Marketing Manager	Tekfly	Universidad de la Cuenca del Plata	Nepali	Drupal	+84 520 450 8023	False	BSc	Graduated	2018	B	75000.00	PT	10	225-07-1298
113	Cara	Ambroziak	Female	239.140.88.220	121.217.97.220	7822 Sage Road	Asia/Kathmandu	Electrical Engineer	Trilith	Rasmussen College, Florida Campuses	Burmese	Essbase	+977 938 140 9038	True	Msc	Waiting for gruaduation	2018	A	55000.00	PT	15	225-07-1298
114	Kinsley	Hambridge	Male	221.195.190.119	109.193.127.224	50 Becker Trail	America/Toronto	Chemical Engineer	Bluejam	University Tun Abdul Razak	Bulgarian	VSD	+1 356 559 1690	True	phD	Waiting for gruaduation	2018	B	350000.00	PT	10	225-07-1298
115	Ruthanne	Ladell	Female	227.226.96.130	183.69.63.178	86 Almo Junction	Europe/Lisbon	Statistician III	Flashspan	La Salle University	Punjabi	Early Intervention	+351 902 531 3881	False	BSc	Waiting for gruaduation	2018	B	350000.00	FT	3	225-07-1298
116	Rachelle	Munby	Female	130.231.167.175	194.142.71.65	6 Mallory Pass	Europe/Moscow	Desktop Support Technician	Thoughtsphere	Universidad Católica de Cuenca	Danish	Practice CS	+7 284 271 0086	False	Msc	Waiting for gruaduation	2018	B	55000.00	PT	10	225-07-1298
117	Phillie	Fiddy	Female	197.101.92.139	233.35.83.47	3 Pierstorff Terrace	Europe/Warsaw	Office Assistant III	Thoughtstorm	Ho Chi Minh City University of Architecture	Norwegian	Life Insurance	+48 273 805 0989	True	Msc	Waiting for gruaduation	2018	B	95000.00	PT	20	225-07-1298
118	Rosabella	Jeannon	Female	59.4.31.25	24.30.183.149	1076 Dunning Avenue	Europe/Stockholm	Safety Technician III	Riffpath	Allegheny College	English	jQuery UI	+46 563 921 2183	False	Msc	Waiting for gruaduation	2018	A	75000.00	PT	15	225-07-1298
119	Osbourn	Hodgon	Male	61.228.163.59	217.193.22.119	70983 Sunnyside Center	Europe/Moscow	Office Assistant IV	Tanoodle	Vitebsk State Academy of Veterinary Medicine	Zulu	Turbo C++	+7 310 192 8696	True	BSc	Graduated	2018	C	25000.00	FT	3	225-07-1298
120	Aindrea	Westgarth	Female	135.88.107.133	183.33.247.79	91744 Petterle Trail	Asia/Damascus	Research Nurse	Dazzlesphere	MGH Institute of Health Professions	Latvian	Stand-up Comedy	+963 557 152 4105	True	phD	Waiting for gruaduation	2018	A	15000.00	PT	15	225-07-1298
121	Peyton	Honeywood	Male	83.163.130.13	221.244.217.133	79511 Lillian Street	Asia/Tehran	Speech Pathologist	Trunyx	East China Normal University	Nepali	DDL	+98 405 599 3625	False	BSc	Waiting for gruaduation	2018	B	75000.00	FT	35	225-07-1298
122	Carroll	Patmore	Female	144.67.200.4	146.30.242.24	5520 Morrow Crossing	Asia/Chongqing	Paralegal	Skyble	Multimedia University	Amharic	RBAC	+86 980 393 2118	False	BSc	Waiting for gruaduation	2018	A	225000.00	PT	3	225-07-1298
123	Siusan	Cotilard	Female	232.29.233.2	241.226.76.228	36 Dryden Hill	Africa/Accra	Programmer III	Oodoo	Luxun Academy of Fine Art	Amharic	SSO	+351 228 913 9258	True	phD	Graduated	2018	C	15000.00	FT	15	225-07-1298
124	Hailey	Burnall	Male	91.103.249.62	98.200.83.70	62315 Briar Crest Terrace	Europe/Stockholm	Engineer II	Dabjam	Ecole Supérieure d'Ingénieurs en Génie Electrique	New Zealand Sign Language	Thought Leadership	+46 724 278 3513	True	phD	Waiting for gruaduation	2018	C	15000.00	PT	3	225-07-1298
125	Yard	Stanyon	Male	166.29.146.7	15.55.217.207	316 Bartelt Court	Asia/Shanghai	Product Engineer	Blognation	De La Salle University	Romanian	Sports Management	+86 706 278 9343	True	phD	Waiting for gruaduation	2018	B	55000.00	PT	25	225-07-1298
126	Diannne	Luebbert	Female	43.243.87.100	121.42.5.253	9 Riverside Way	Europe/Stockholm	VP Sales	Bubblebox	Huntington College	Latvian	Gx	+46 127 550 2430	True	Msc	Waiting for gruaduation	2018	C	350000.00	FT	10	225-07-1298
127	Kaitlynn	Drance	Female	17.217.52.118	243.235.101.148	06 Twin Pines Hill	Asia/Chongqing	GIS Technical Architect	Dabfeed	Ilsa Independent College	Pashto	Siding	+86 899 446 6009	False	Msc	Waiting for gruaduation	2018	A	75000.00	PT	20	225-07-1298
128	Base	Widdocks	Male	103.57.106.30	102.136.151.84	22 Schurz Park	Asia/Manila	Engineer IV	Eare	Kiriri Womens University of Science and Technology	Yiddish	Mentoring	+63 818 843 1828	False	phD	Waiting for gruaduation	2018	B	55000.00	PT	1	225-07-1298
129	Domeniga	Jullian	Female	116.43.62.175	138.19.132.129	31 Chinook Alley	Europe/Moscow	Help Desk Technician	Quaxo	University of Baguio	Persian	DMMs	+7 974 204 2664	True	Msc	Waiting for gruaduation	2018	A	75000.00	PT	15	225-07-1298
130	Kaila	Filisov	Female	169.84.155.191	171.52.215.11	242 Ryan Way	Europe/Moscow	Business Systems Development Analyst	Dabjam	Kawasaki Medical School	Montenegrin	IES VE	+7 792 753 7982	True	Msc	Graduated	2018	A	15000.00	PT	3	225-07-1298
131	Ellette	Utton	Female	182.152.18.8	165.245.65.115	9 Clyde Gallagher Park	Europe/Zaporozhye	Senior Financial Analyst	Jayo	Chulalongkorn University	English	IETF	+380 448 166 5512	False	phD	Waiting for gruaduation	2018	A	75000.00	PT	15	225-07-1298
132	Adey	Besant	Female	136.59.70.129	226.195.82.165	65703 Bay Road	Asia/Bangkok	Occupational Therapist	Chatterbridge	Fachhochschule Gelsenkirchen	Maltese	SFX Editing	+66 408 277 9501	False	phD	Waiting for gruaduation	2018	A	225000.00	PT	35	225-07-1298
133	Orly	Kall	Female	199.214.109.63	24.149.120.182	1 Mendota Drive	America/Bogota	Web Developer II	Edgeclub	Poole Gakuin University	Filipino	VFX Supervision	+57 796 643 0390	True	Msc	Waiting for gruaduation	2018	B	95000.00	PT	3	225-07-1298
134	Gregoire	Mycroft	Male	36.240.185.129	166.225.157.245	3 Chinook Parkway	Asia/Manila	Account Representative IV	Skynoodle	Thiagarajar College of Engineering	West Frisian	XOG	+63 544 754 3607	True	Msc	Graduated	2018	A	25000.00	PT	25	225-07-1298
135	Kirsti	Bool	Female	118.39.72.203	234.94.26.206	1203 Ridgeview Street	America/Santo_Domingo	Automation Specialist III	Bluezoom	Arab Open University	Georgian	FPGA	+1 912 446 1129	False	phD	Waiting for gruaduation	2018	C	350000.00	FT	15	225-07-1298
136	Trent	Ranklin	Male	198.141.222.152	76.30.235.84	41 Muir Center	Asia/Makassar	Senior Sales Associate	Oloo	Rak Medical & Health Sciences University	Danish	Psychotherapy	+62 506 609 5839	False	Msc	Waiting for gruaduation	2018	B	25000.00	PT	3	225-07-1298
137	Brittan	Fitzgerald	Female	206.1.142.24	20.63.104.55	630 Loeprich Plaza	Asia/Jakarta	Payment Adjustment Coordinator	Voolia	Miyazaki Medical College	Fijian	USDA	+62 339 538 6163	True	BSc	Waiting for gruaduation	2018	B	55000.00	PT	3	225-07-1298
138	Carolus	Desvignes	Male	32.226.137.227	213.73.168.40	3206 Pond Hill	America/Montevideo	Data Coordiator	Babbleopia	Instituto Universitario CEMA	Hebrew	Wedding DJ	+598 695 298 3692	True	phD	Waiting for gruaduation	2018	A	225000.00	PT	25	225-07-1298
139	Heinrick	Dangl	Male	4.207.114.43	117.90.201.49	88616 Holmberg Avenue	Asia/Shanghai	Tax Accountant	Thoughtstorm	Universidad ORT Uruguay	Czech	Jewelry	+86 625 691 0686	True	BSc	Waiting for gruaduation	2018	B	350000.00	PT	25	225-07-1298
140	Hestia	Gillis	Female	252.232.120.123	71.149.15.178	70091 Vera Road	America/Santarem	General Manager	Skimia	Rasmussen College, Minnesota Campuses	Hiri Motu	OEL	+55 760 801 0915	False	Msc	Graduated	2018	A	75000.00	PT	20	225-07-1298
141	Pincus	Barfitt	Male	100.101.212.93	225.35.173.146	728 Marquette Court	America/Fortaleza	Software Test Engineer IV	Riffpath	Nizhny Novgorod State Technical University	Khmer	Workshop Facilitation	+55 337 386 2899	True	phD	Graduated	2018	C	55000.00	PT	3	225-07-1298
142	Rosalind	Stockman	Female	2.86.106.239	25.241.176.83	75881 Susan Pass	Asia/Makassar	VP Quality Control	Katz	University of Islamic Studies	German	Mineral Exploration	+62 743 496 9812	True	BSc	Waiting for gruaduation	2018	C	350000.00	PT	15	225-07-1298
143	Izak	Corbitt	Male	247.55.253.221	12.20.25.107	3375 Surrey Avenue	Europe/Brussels	Paralegal	Yodo	"Universidad Centroamericana ""José Simeón Canas"""	Azeri	International Human Rights	+32 863 487 4365	True	phD	Graduated	2018	A	55000.00	PT	15	225-07-1298
144	Carolyn	Lardez	Female	88.56.7.9	55.253.211.81	539 American Ash Alley	Europe/Stockholm	Staff Accountant III	Realfire	Les Roches International School of Hotel Management	Lithuanian	FBCB2	+46 227 932 6769	True	Msc	Graduated	2018	B	75000.00	PT	3	225-07-1298
145	Sheilakathryn	Embury	Female	226.80.48.225	99.18.116.41	26244 International Park	America/Montreal	Developer III	Dabjam	Tamil Nadu Dr. Ambedkar Law University	Tamil	Permanent Placement	+1 396 660 0022	False	Msc	Waiting for gruaduation	2018	C	350000.00	PT	25	225-07-1298
146	Vivi	Linning	Female	33.153.82.22	47.230.240.59	9478 Northwestern Point	Europe/Moscow	Recruiting Manager	Divavu	Kolej Universiti Insaniah	Dzongkha	BMP	+7 593 119 7962	True	BSc	Waiting for gruaduation	2018	B	55000.00	PT	40	225-07-1298
147	Aguste	Stoyle	Male	99.89.45.147	110.9.110.240	6353 Loftsgordon Center	Asia/Chongqing	Technical Writer	Brainbox	University of the Visayas	Bengali	OAT	+86 165 567 6449	True	phD	Waiting for gruaduation	2018	B	75000.00	PT	25	225-07-1298
148	Patten	Tanner	Male	211.137.120.44	119.91.191.134	7 Carioca Point	Europe/Moscow	Account Representative I	Topiclounge	Surgut State University	Tsonga	Custom CMS Development	+7 174 974 8007	True	Msc	Waiting for gruaduation	2018	A	95000.00	PT	25	225-07-1298
149	Brynna	Ogilvy	Female	183.253.205.114	7.58.79.236	8103 Butterfield Point	Asia/Shanghai	Software Consultant	Rhyloo	Gujarat Ayurved University	Arabic	Long Distance Running	+86 549 931 4695	True	BSc	Waiting for gruaduation	2018	A	75000.00	PT	15	225-07-1298
150	Rollin	Bootyman	Male	115.200.134.164	191.6.97.31	56503 Graedel Court	Asia/Manila	Staff Accountant III	Browsetype	Georgia State University	Tok Pisin	IHE	+63 988 209 5913	True	phD	Graduated	2018	B	75000.00	PT	3	225-07-1298
151	Shayna	Mallinson	Female	3.228.207.69	52.29.199.198	54 Bartillon Alley	America/Sao_Paulo	Financial Advisor	Browsebug	Fachhochschule Lippe	Hiri Motu	Flex	+55 117 869 7171	False	Msc	Waiting for gruaduation	2018	A	15000.00	PT	35	225-07-1298
152	Constanta	Vinas	Female	201.9.141.25	12.8.194.149	96 Melody Plaza	America/Chihuahua	Administrative Assistant II	Avamm	Volgograd State Academy of Physical Education	Gagauz	Weapons of Mass Destruction	+52 286 182 6497	True	BSc	Waiting for gruaduation	2018	A	350000.00	PT	20	225-07-1298
153	Peggy	MacCleod	Female	14.207.74.142	104.106.96.184	92626 Almo Pass	Europe/Vilnius	Mechanical Systems Engineer	Livetube	University of Wollongong	Belarusian	Myriad	+370 780 206 3238	False	phD	Waiting for gruaduation	2018	B	350000.00	PT	35	225-07-1298
154	Rourke	Haynesford	Male	10.7.29.60	232.22.55.160	5 Chive Avenue	Asia/Harbin	Occupational Therapist	Ailane	Buckinghamshire New University	Dari	VPN	+86 598 823 0419	False	phD	Waiting for gruaduation	2018	B	75000.00	PT	25	225-07-1298
155	Celestyn	Brandham	Female	89.253.49.255	95.200.219.227	499 Annamark Alley	America/Guatemala	Technical Writer	Skynoodle	Tongji University	Swati	5 Why	+502 297 434 2491	True	BSc	Graduated	2018	A	350000.00	FT	3	225-07-1298
156	Mel	Ramlot	Female	119.144.84.218	239.37.148.52	6851 Springview Parkway	America/New_York	Sales Representative	Jaxworks	Hobe Sound Bible College	Tok Pisin	Manufacturing	+1 772 778 2935	True	BSc	Waiting for gruaduation	2018	B	350000.00	PT	20	225-07-1298
157	Brig	Tzuker	Male	149.199.7.101	116.9.166.59	24553 Roth Parkway	America/New_York	Civil Engineer	Ailane	British Malaysian Institute	Italian	NMT	+1  320 4517	False	Msc	Waiting for gruaduation	2018	A	55000.00	PT	15	225-07-1298
158	Sebastian	Dalwood	Male	166.127.30.76	126.249.74.211	8 Wayridge Hill	America/Moncton	Software Consultant	Quire	Gubkin Russian State University of Oil and Gas	Japanese	DNA replication	+1 642 724 1920	True	BSc	Waiting for gruaduation	2018	B	25000.00	FT	25	225-07-1298
159	Inglis	Fasse	Male	56.99.131.229	128.232.244.243	3 Pennsylvania Park	America/Sao_Paulo	Research Nurse	Quatz	Aleksander Gieysztor School of Humanities in Pultusk	Catalan	OLTP	+55 528 564 0244	False	Msc	Waiting for gruaduation	2018	B	35000.00	PT	3	225-07-1298
160	Esmaria	Gutsell	Female	188.203.74.174	165.84.150.221	4 8th Avenue	Asia/Chongqing	Editor	Realpoint	Universidade Federal de Alagoas	Estonian	Aerial Photography	+86 392 547 8098	True	BSc	Waiting for gruaduation	2018	B	15000.00	FT	40	225-07-1298
161	Salomone	Lipscombe	Male	161.80.43.0	10.9.126.212	9670 Gulseth Avenue	America/Argentina/Jujuy	Research Nurse	Dynabox	The College of New Jersey	Norwegian	CTQ	+54 543 695 5548	True	phD	Waiting for gruaduation	2018	B	75000.00	PT	3	225-07-1298
162	Fiann	Fearon	Female	228.159.188.43	74.153.167.145	92389 Susan Center	Europe/London	Clinical Specialist	Quimm	Hannibal-Lagrange College	Khmer	WiFi	+44 862 824 5709	True	Msc	Waiting for gruaduation	2018	B	350000.00	PT	25	225-07-1298
163	Wes	Aronovitz	Male	251.22.83.143	76.109.121.175	518 Ryan Junction	Europe/Volgograd	Financial Advisor	Leenti	Private Hanseuniversität	Bislama	Ulcerative Colitis	+7 314 154 0499	True	Msc	Waiting for gruaduation	2018	A	15000.00	PT	40	225-07-1298
164	Enos	Gifford	Male	81.96.40.161	112.94.138.222	74 Hoffman Way	Africa/Lagos	Health Coach I	Yata	University of Mauritius	Filipino	Improvisation	+234 252 189 8080	False	BSc	Waiting for gruaduation	2018	B	95000.00	PT	40	225-07-1298
165	Jeffy	Ashelford	Male	195.102.205.75	42.73.45.214	778 Eggendart Lane	Asia/Shanghai	Professor	Chatterpoint	University of Delaware	Sotho	Hydraulics	+86 643 873 1434	True	Msc	Graduated	2018	A	55000.00	FT	35	225-07-1298
166	Shalna	Wey	Female	93.183.53.44	195.123.251.195	3028 Arkansas Plaza	Asia/Makassar	General Manager	Teklist	Zhongnan University of Technology	Burmese	WBEM	+62 873 899 0048	True	phD	Waiting for gruaduation	2018	C	350000.00	FT	25	225-07-1298
167	Ragnar	Bolderson	Male	4.93.66.47	76.17.213.240	7 Boyd Way	Asia/Shanghai	Senior Cost Accountant	Topicware	Institue of Historical Research, University of London	Albanian	Rational XDE	+86 391 264 4841	False	BSc	Waiting for gruaduation	2018	B	25000.00	PT	40	225-07-1298
168	Brandie	Allsworth	Female	154.248.82.14	245.182.176.94	217 Ilene Avenue	Asia/Chongqing	Administrative Assistant I	Jetpulse	"Universidad Salvadorena ""Alberto Masferrer"""	Tsonga	Flame AA	+86 198 257 8407	True	BSc	Waiting for gruaduation	2018	C	55000.00	PT	40	225-07-1298
169	Quintilla	Bascombe	Female	94.16.179.206	214.184.163.78	5819 6th Terrace	America/Sao_Paulo	Geological Engineer	Flipopia	Etisalat University College	Gujarati	SGE	+55 661 593 8627	False	phD	Waiting for gruaduation	2018	B	55000.00	FT	3	225-07-1298
170	Eustace	Goffe	Male	121.9.87.153	32.146.148.242	4073 Oak Street	America/Port-au-Prince	VP Product Management	Jaxnation	Oklahoma State University - Institute of Technology	Afrikaans	JTAG	+509 208 766 6947	False	Msc	Waiting for gruaduation	2018	A	55000.00	FT	3	225-07-1298
171	Tamar	Shipway	Female	13.75.63.114	249.14.76.41	8602 Oriole Park	Asia/Manila	Systems Administrator III	Layo	South Carolina State University	Pashto	Biotechnology	+63 390 439 4194	False	Msc	Waiting for gruaduation	2018	C	55000.00	PT	25	225-07-1298
172	Dian	Duce	Female	137.53.115.214	61.163.179.61	1 Rieder Terrace	Europe/Helsinki	Recruiter	Yacero	American International University West Africa	Armenian	IT Management	+358 814 956 7808	False	Msc	Waiting for gruaduation	2018	B	225000.00	FT	25	225-07-1298
173	Katalin	Breslin	Female	188.118.211.156	113.35.138.154	6 Cordelia Center	Asia/Jakarta	Food Chemist	Ainyx	Illinois State University	Polish	HTML Help Workshop	+62 941 652 8858	False	phD	Waiting for gruaduation	2018	B	75000.00	PT	35	225-07-1298
174	Carly	Allward	Female	93.4.241.171	247.6.108.221	2087 Waxwing Crossing	Europe/Paris	Account Coordinator	Blogspan	Freie Universität Berlin	Albanian	American Politics	+33 831 860 5487	True	Msc	Waiting for gruaduation	2018	B	25000.00	FT	15	225-07-1298
175	Isa	Stimson	Male	120.16.228.11	144.165.65.137	94415 Cascade Street	Africa/Khartoum	Mechanical Systems Engineer	Topiclounge	Merrimack College	Indonesian	Dog Training	+235 320 578 1679	False	Msc	Waiting for gruaduation	2018	C	350000.00	PT	40	225-07-1298
176	Becky	Moens	Female	39.78.133.129	222.110.40.8	3 Clarendon Terrace	Asia/Chongqing	Programmer IV	Rhyloo	Ho Chi Minh City University of Economics	Bosnian	JMeter	+86 468 222 7870	False	Msc	Waiting for gruaduation	2018	A	75000.00	FT	20	225-07-1298
177	Cordelia	Hawthorn	Female	244.176.34.199	6.139.112.198	5702 Acker Road	America/Bogota	Assistant Media Planner	Mudo	Rheinische Friedrich-Wilhelms Universität Bonn	Romanian	CVD	+57 930 611 8809	False	Msc	Waiting for gruaduation	2018	B	350000.00	PT	15	225-07-1298
178	Edouard	Helleckas	Male	180.233.98.214	233.150.104.55	872 Loftsgordon Road	Europe/Moscow	Librarian	Edgeify	Université Mohammed V - Agdal	Papiamento	Diagnostic Ultrasound	+7 937 826 5213	True	phD	Waiting for gruaduation	2018	B	350000.00	FT	3	225-07-1298
179	Natale	Pagett	Male	117.114.151.212	151.84.91.187	406 Pawling Crossing	Africa/Johannesburg	Senior Quality Engineer	Gevee	University of Northern Virginia	Māori	Financial Reporting	+27 115 266 0188	True	Msc	Waiting for gruaduation	2018	B	350000.00	PT	15	225-07-1298
180	Marci	Glisenan	Female	243.106.212.156	116.34.97.143	54461 Arizona Avenue	Europe/Paris	Financial Analyst	Aimbo	Universidad de Zaragoza	Swedish	Non-profit Volunteering	+33 570 431 1442	True	Msc	Waiting for gruaduation	2018	A	75000.00	PT	3	225-07-1298
181	Marinna	Roz	Female	230.144.148.195	116.217.59.50	797 Carpenter Point	Europe/Volgograd	Biostatistician III	Innojam	Hamdard University	Portuguese	Digital Marketing	+7 164 147 8009	False	phD	Waiting for gruaduation	2018	C	75000.00	PT	3	225-07-1298
182	Derward	Giffen	Male	169.243.81.225	60.250.105.133	9 Mariners Cove Park	Europe/Uzhgorod	Account Representative I	Reallinks	Universidad Privada Franz Tamayo (UNIFRANZ)	Dzongkha	QARun	+380 666 903 3238	True	BSc	Waiting for gruaduation	2018	B	55000.00	FT	15	225-07-1298
183	Codie	Divina	Female	108.48.202.0	30.215.247.71	00 Pennsylvania Court	Europe/Stockholm	Senior Editor	Ntag	Union College Nebraska	Northern Sotho	Turbines	+46 579 875 0020	True	phD	Waiting for gruaduation	2018	B	350000.00	PT	20	225-07-1298
184	Free	Gaine	Male	124.6.119.231	53.242.87.39	266 Little Fleur Point	Africa/Luanda	Physical Therapy Assistant	Gabspot	Southern New Hampshire University	Tamil	Molecular Dynamics	+244 446 933 5162	False	Msc	Waiting for gruaduation	2018	C	150000.00	FT	1	225-07-1298
185	Arnaldo	Watson-Brown	Male	249.236.220.57	187.161.99.51	049 Hoard Plaza	Europe/Moscow	Nurse	Aibox	Geneva Business School	Quechua	EBITDA Growth	+7 100 509 6349	True	phD	Waiting for gruaduation	2018	B	225000.00	PT	3	225-07-1298
186	Kare	Rableau	Female	202.187.159.191	127.235.181.34	569 Susan Junction	America/Argentina/Cordoba	Project Manager	Thoughtbridge	Universität Augsburg	Northern Sotho	AAT	+54 345 722 1325	True	BSc	Waiting for gruaduation	2018	A	350000.00	FT	40	225-07-1298
187	Lorraine	Shergold	Female	136.232.10.154	94.199.210.127	902 Weeping Birch Street	Asia/Jakarta	Food Chemist	Roomm	Davis and Elkins College	Guaraní	UED	+62 804 401 4766	True	BSc	Waiting for gruaduation	2018	C	95000.00	PT	25	225-07-1298
188	Skye	Fernan	Male	46.130.240.48	76.83.254.30	06 Bluejay Center	America/Montevideo	Media Manager I	Vipe	Hogeschool Utrecht	Nepali	HSEEP	+54 412 627 6837	True	phD	Graduated	2018	C	95000.00	FT	1	225-07-1298
189	Lamond	Bolingbroke	Male	7.237.174.7	203.183.253.54	3515 Sunfield Alley	America/Lima	Office Assistant IV	Flipstorm	Georgia Health Sciences University	Latvian	RBAC	+51 302 347 5696	True	phD	Waiting for gruaduation	2018	A	25000.00	PT	15	225-07-1298
190	Ted	Popping	Male	172.66.97.153	88.244.200.172	5 Browning Hill	Indian/Mayotte	Community Outreach Specialist	Avavee	Pavol Jozef Safarik University in Kosice	Zulu	RCFA	+269 244 139 0975	False	Msc	Waiting for gruaduation	2018	A	55000.00	PT	15	225-07-1298
191	Cherrita	Russ	Female	237.233.197.82	251.74.130.228	9715 Grover Terrace	Europe/Moscow	Office Assistant II	Realbuzz	Université René Descartes (Paris V)	Gagauz	Variable Frequency Drives	+7 550 874 6875	True	Msc	Waiting for gruaduation	2018	A	55000.00	PT	3	225-07-1298
192	Fanchette	Shakeshaft	Female	126.203.213.148	210.8.107.224	73207 Mcguire Hill	Asia/Phnom_Penh	Assistant Media Planner	Realcube	Western Baptist College	Aymara	IBM XIV	+855 691 442 5123	False	phD	Graduated	2018	B	75000.00	PT	10	225-07-1298
193	Nikaniki	Petit	Female	99.171.186.91	76.245.225.187	5 Farmco Street	Indian/Mauritius	Safety Technician III	Jaxnation	Tobb Economics and Technology University	Tetum	OSI Model	+230 501 318 7550	False	phD	Waiting for gruaduation	2018	B	350000.00	PT	15	225-07-1298
194	Nanci	Cutriss	Female	145.160.38.62	78.185.114.130	59438 Rusk Pass	Europe/Warsaw	Analyst Programmer	Yotz	Nagoya University	West Frisian	IFMA	+48 174 945 9689	True	BSc	Waiting for gruaduation	2018	A	75000.00	PT	15	225-07-1298
195	Carline	Gheorghie	Female	188.190.239.199	42.16.82.130	50204 Browning Junction	Asia/Shanghai	Analyst Programmer	Aivee	Emanuel University	Hiri Motu	VMware Fusion	+86 382 905 7501	True	phD	Waiting for gruaduation	2018	A	55000.00	PT	3	225-07-1298
196	Claudian	Sherburn	Male	52.125.212.91	62.102.143.175	20 Randy Circle	America/Bogota	Help Desk Technician	Skipstorm	Kyoritsu Woman's University	Northern Sotho	Workers Compensation	+57 761 403 2089	False	phD	Waiting for gruaduation	2018	B	25000.00	PT	35	225-07-1298
197	Chickie	Almak	Male	195.237.148.124	190.26.80.222	5319 Hovde Crossing	America/Argentina/Cordoba	Senior Quality Engineer	Babbleset	Université de Kolwezi	Malayalam	Oracle Applications	+54 227 143 3427	True	phD	Waiting for gruaduation	2018	A	95000.00	PT	25	225-07-1298
198	Antoine	Pighills	Male	44.34.15.222	95.30.116.72	35312 Shoshone Lane	Europe/Athens	Marketing Assistant	Jaloo	Graduate University for Advanced Studies	Indonesian	DBMS	+30 537 854 5153	True	Msc	Graduated	2018	B	75000.00	PT	15	225-07-1298
199	Barret	Vicar	Male	79.115.255.64	78.254.149.133	00 Nelson Park	Europe/Paris	Recruiter	Kwinu	Universidad Abierta Interamericana	Hebrew	Gstreamer	+33 939 621 4435	False	BSc	Waiting for gruaduation	2018	B	75000.00	PT	15	225-07-1298
200	Griffy	Gaunter	Male	104.66.182.187	52.94.78.96	134 Donald Lane	Asia/Chongqing	VP Sales	Yodo	University of Agriculture and Veterinary Medicine Cluj-Napoca	Amharic	Food Processing	+86 396 813 5266	True	BSc	Waiting for gruaduation	2018	B	75000.00	PT	1	225-07-1298
201	Justinian	Beckinsale	Male	106.65.171.164	73.235.210.60	39 Dorton Junction	Europe/Moscow	Nuclear Power Engineer	Mudo	Western Maryland College	Polish	Sleep Disorders	+7 328 387 5084	False	Msc	Graduated	2018	B	75000.00	FT	10	225-07-1298
202	Samuel	Hambrook	Male	69.52.150.110	70.25.115.50	19 Dexter Place	Asia/Shanghai	Sales Associate	Skalith	Najran University	Nepali	VAT	+86 441 107 2116	True	Msc	Waiting for gruaduation	2018	C	75000.00	PT	15	225-07-1298
203	Boot	Cowsby	Male	72.206.197.134	141.204.167.87	826 Nelson Lane	Europe/Prague	Senior Cost Accountant	Photobug	NTB Interstate University of Applied Sciences of Technology	Lithuanian	TMG	+420 582 613 7497	False	Msc	Waiting for gruaduation	2018	B	225000.00	FT	15	225-07-1298
204	Ferdy	Jull	Male	188.87.153.13	231.64.92.30	16 Schurz Center	Asia/Hebron	Research Associate	Centidel	University for Peace	Quechua	Asset Management	+970 940 795 7089	True	BSc	Waiting for gruaduation	2018	A	95000.00	PT	25	225-07-1298
205	Seka	Natalie	Female	86.112.197.176	35.151.31.30	1873 Westerfield Plaza	America/Mexico_City	Legal Assistant	Buzzshare	Evangelische Fachhochschule Nürnberg	Afrikaans	Portuguese	+52 371 419 1336	True	phD	Waiting for gruaduation	2018	C	350000.00	PT	25	225-07-1298
206	Aviva	Muck	Female	232.233.109.55	19.105.85.254	99 Reinke Pass	Asia/Chongqing	Assistant Manager	Jaxspan	International University of Kyrgyzstan	Latvian	PFP	+86 408 192 4362	True	Msc	Waiting for gruaduation	2018	C	55000.00	PT	25	225-07-1298
207	Vlad	Winscum	Male	225.189.67.223	187.123.4.66	416 Packers Road	Asia/Ho_Chi_Minh	Assistant Manager	Topdrive	North University of Baia Mare	Hindi	CCNP	+84 512 976 8540	True	phD	Graduated	2018	A	55000.00	PT	35	225-07-1298
208	Reuven	McKim	Male	152.235.66.32	156.186.99.184	1 Mendota Place	Asia/Jakarta	Structural Engineer	Kazio	Escuela Agricola Panamericana Zamorano	Bulgarian	Sqoop	+62 670 732 3918	True	Msc	Waiting for gruaduation	2018	A	75000.00	PT	3	225-07-1298
209	Melly	Korejs	Female	155.165.214.184	180.35.69.52	8663 Birchwood Avenue	Europe/Moscow	Geological Engineer	Youbridge	Hokuriku University	Croatian	CVA	+7 265 337 0326	False	phD	Waiting for gruaduation	2018	A	75000.00	PT	25	225-07-1298
210	Tiertza	Vawton	Female	229.101.237.133	25.173.140.35	065 Hanson Plaza	Asia/Shanghai	Software Engineer III	Avamm	FAST - National University of Computer and Emerging Sciences (NUCES)	Montenegrin	iHotelier	+86 543 579 3885	False	Msc	Waiting for gruaduation	2018	A	75000.00	PT	15	225-07-1298
211	Ellerey	Rosier	Male	221.252.140.3	141.112.232.213	8437 Rigney Parkway	Europe/Lisbon	Registered Nurse	Voonte	Universidad Isaac Newton	Assamese	SEO	+351 352 632 0713	False	Msc	Waiting for gruaduation	2018	B	15000.00	PT	15	225-07-1298
212	Vanna	Clapshaw	Female	85.148.44.191	40.152.205.163	48 West Hill	America/Chicago	Database Administrator IV	Avamba	Mokpo National University	Norwegian	Outdoor Recreation	+1 713 911 2915	True	phD	Waiting for gruaduation	2018	C	55000.00	PT	25	225-07-1298
213	Hill	MacMeekan	Male	69.4.85.42	210.140.113.95	5 Bellgrove Point	Asia/Aden	Staff Scientist	Skilith	Ecole Polytechnique Universitaire de Lille	Belarusian	UV disinfection	+967 812 681 0702	False	phD	Waiting for gruaduation	2018	C	350000.00	PT	3	225-07-1298
214	Olivero	Berndt	Male	11.59.239.153	165.242.96.236	6337 Steensland Lane	Europe/Prague	Chemical Engineer	Leexo	University of Tampa	Bengali	Biochemistry	+420 315 954 2592	True	Msc	Waiting for gruaduation	2018	B	55000.00	PT	15	225-07-1298
215	Kaitlyn	Chappelow	Female	92.195.76.223	216.191.104.200	3290 Prairie Rose Road	Europe/Warsaw	VP Product Management	Wikizz	Université Catholique de Bukavu	Romanian	RPT	+48 260 837 7135	True	Msc	Waiting for gruaduation	2018	B	75000.00	FT	40	225-07-1298
216	Flossie	Dowey	Female	13.11.255.198	250.139.62.226	0 Sullivan Pass	Asia/Chongqing	Office Assistant II	Meeveo	Philosophisch-Theologische Hochschule SVD Sankt Augustin	English	MCAD	+86 682 575 8542	False	BSc	Waiting for gruaduation	2018	B	75000.00	PT	3	225-07-1298
217	Benjie	Kinnin	Male	21.250.0.118	62.214.16.108	11 Little Fleur Trail	Europe/Tallinn	Speech Pathologist	Zoomdog	Imam Sadiq University	English	Infor XA	+372 523 697 7873	False	Msc	Waiting for gruaduation	2018	B	75000.00	PT	3	225-07-1298
218	Idelle	Satteford	Female	110.63.219.46	211.140.200.79	96848 Carioca Parkway	Asia/Damascus	General Manager	Devcast	Ajman University of Science & Technology	Italian	WMOS	+963 754 657 4421	True	phD	Waiting for gruaduation	2018	B	55000.00	PT	3	225-07-1298
219	Paton	Fraczak	Male	59.31.17.85	195.215.166.81	00 Forster Hill	Asia/Chongqing	Editor	Gigashots	Fern-Fachhochschule Hamburg	Luxembourgish	TMA	+86 606 958 8189	True	phD	Waiting for gruaduation	2018	A	15000.00	FT	3	225-07-1298
220	Emmaline	Loch	Female	76.144.188.24	59.188.49.128	4 Old Gate Hill	Asia/Harbin	Geological Engineer	Oyonder	Volyn National University Lesja Ukrainka	Aymara	DNA electrophoresis	+86 284 518 9538	False	phD	Waiting for gruaduation	2018	A	55000.00	PT	25	225-07-1298
221	Zola	Stealfox	Female	211.19.1.124	215.16.110.227	15239 Farragut Junction	Asia/Harbin	Design Engineer	Cogibox	Fachhochschule Heilbronn, Hochschule für Technik und Wirtschaft	Bislama	Berkeley DB	+86 677 891 2109	True	phD	Waiting for gruaduation	2018	A	15000.00	FT	1	225-07-1298
222	Pippo	Gras	Male	181.243.154.178	8.41.131.58	0252 Aberg Street	Indian/Antananarivo	Staff Accountant II	Aibox	Conservatorio del Tolima	Ndebele	SI	+261 116 151 0429	True	Msc	Waiting for gruaduation	2018	A	25000.00	PT	10	225-07-1298
223	Cullen	Alderson	Male	51.40.24.4	136.220.68.116	890 Pankratz Parkway	Europe/Prague	Information Systems Manager	Dabvine	Manhattanville College	Thai	Hydrogeology	+420 234 474 3375	False	Msc	Waiting for gruaduation	2018	C	25000.00	PT	5	225-07-1298
224	Elonore	Bortolutti	Female	130.127.83.158	115.246.174.230	180 Morrow Street	Asia/Tokyo	Financial Analyst	Dynabox	Tarleton State University	Dutch	Foreign Policy	+81 266 965 3839	False	phD	Waiting for gruaduation	2018	A	75000.00	PT	10	225-07-1298
225	Glory	Cicconetti	Female	147.206.103.21	120.143.170.214	7360 Bluestem Point	Asia/Chongqing	Information Systems Manager	Photospace	Universidad Iberoamericana	Dari	Spectroscopy	+86 235 387 8217	True	Msc	Waiting for gruaduation	2018	B	75000.00	FT	15	225-07-1298
226	Heinrik	Wadesworth	Male	41.222.122.81	100.243.76.32	384 Sachtjen Lane	Asia/Bangkok	Media Manager I	Vimbo	Fine Arts Academy in Gdansk	Moldovan	MySQLi	+66 528 663 6348	False	Msc	Waiting for gruaduation	2018	A	225000.00	FT	25	225-07-1298
227	Sasha	Vasyushkhin	Female	230.54.87.32	134.2.225.142	28 Prentice Junction	Europe/Warsaw	Associate Professor	Cogidoo	Alahgaff University	Maltese	VRS	+48 504 697 6235	True	phD	Graduated	2018	B	55000.00	PT	25	225-07-1298
228	Gelya	Abrahamovitz	Female	35.178.237.119	152.28.111.164	227 Florence Trail	Europe/Budapest	Systems Administrator III	Rhynyx	Kermanshah University of Technology	Oriya	Oxy-acetylene	+36 673 546 8201	False	phD	Waiting for gruaduation	2018	B	55000.00	FT	35	225-07-1298
229	Myrvyn	Tweedy	Male	228.204.59.114	91.205.74.59	02000 Sommers Junction	Europe/Tirane	Structural Analysis Engineer	Browsecat	Ahi Evran University	Polish	WSDL	+355 121 588 5230	True	phD	Graduated	2018	C	350000.00	PT	35	225-07-1298
230	Elvin	Stellman	Male	65.185.253.143	179.133.149.27	92532 Hovde Pass	Asia/Jakarta	Operator	Thoughtblab	Hansei University	Pashto	BLS	+62 642 375 1692	False	Msc	Waiting for gruaduation	2018	B	350000.00	PT	25	225-07-1298
231	Jerri	Magner	Male	104.56.82.145	221.3.139.144	84 Village Green Terrace	America/Caracas	Pharmacist	Blognation	Shibaura Institute of Technology	Tetum	IBM AIX	+58 444 874 9096	True	Msc	Waiting for gruaduation	2018	A	350000.00	PT	1	225-07-1298
232	Yoshi	Windross	Female	97.72.68.33	74.181.194.36	0 Quincy Alley	Asia/Tokyo	Safety Technician III	Ozu	Université du Québec à Chicoutimi	Korean	Hair Care	+81 727 346 4349	False	phD	Graduated	2018	A	75000.00	FT	20	225-07-1298
233	Illa	Blunt	Female	10.216.239.190	47.252.141.66	7586 Center Center	Asia/Chongqing	Recruiting Manager	Zooveo	National University of Laos	Telugu	Tcsh	+86 958 428 0120	True	BSc	Waiting for gruaduation	2018	B	55000.00	PT	3	225-07-1298
234	Anne-corinne	Bayliss	Female	168.214.134.182	59.53.189.160	11 Hagan Terrace	Asia/Shanghai	Pharmacist	Photobean	Universidad Católica del Uruguay	Pashto	Oxygen Therapy	+86 192 705 7475	False	Msc	Waiting for gruaduation	2018	B	75000.00	PT	15	225-07-1298
235	Lukas	Sall	Male	7.189.29.45	227.145.128.51	13284 Gina Parkway	Europe/Moscow	Payment Adjustment Coordinator	Cogidoo	Moldova Cooperative Trade University	Bosnian	Aquaponics	+7 698 100 0676	True	phD	Waiting for gruaduation	2018	A	75000.00	FT	20	225-07-1298
236	Stevy	Vanyushkin	Male	40.245.153.170	235.90.17.226	10 Fieldstone Lane	Asia/Chongqing	Assistant Professor	Gevee	Université de Technologie de Belfort Montbéliard	Hiri Motu	UTRAN	+86 815 202 6466	False	phD	Waiting for gruaduation	2018	B	55000.00	PT	10	225-07-1298
237	Woody	Tineman	Male	178.70.88.207	159.92.194.184	4897 Carpenter Place	Asia/Chongqing	Biostatistician IV	Kwimbee	Universidad de Congreso	Somali	Project Bidding	+86 283 526 7402	False	Msc	Waiting for gruaduation	2018	B	25000.00	PT	20	225-07-1298
238	Beltran	Hadigate	Male	32.206.121.30	90.46.69.35	11 Pine View Court	Europe/Lisbon	Pharmacist	Feedfish	University of San Carlos	Bislama	BPF	+351 644 897 9599	False	phD	Graduated	2018	B	95000.00	FT	15	225-07-1298
239	Helaina	Banner	Female	233.77.78.161	171.172.11.175	15 Cardinal Hill	Europe/Bratislava	Account Executive	Realbuzz	University of Health and Science	Icelandic	Constructive Feedback	+48 758 147 2326	True	Msc	Waiting for gruaduation	2018	B	95000.00	FT	3	225-07-1298
240	Mar	Toffel	Male	133.101.69.253	53.209.99.4	48 Springview Alley	America/Argentina/Buenos_Aires	Civil Engineer	Skiba	Universidad Dominico-Americana	Thai	Outside Sales	+54 358 263 5490	True	phD	Waiting for gruaduation	2018	A	55000.00	PT	25	225-07-1298
241	Abran	Grafton	Male	31.1.1.192	186.230.154.9	880 Eagle Crest Crossing	Asia/Bangkok	Structural Engineer	Buzzdog	Ecole Supérieure de Commerce de Toulouse	Tajik	Team Effectiveness	+66 618 368 5512	True	Msc	Waiting for gruaduation	2018	B	55000.00	FT	25	225-07-1298
242	Shir	Karoly	Female	86.70.103.0	154.12.210.180	55 Union Place	Europe/Warsaw	Business Systems Development Analyst	Wikido	Bloomfield College	Mongolian	HW/SW integration	+48 423 702 3372	True	BSc	Waiting for gruaduation	2018	B	95000.00	PT	10	225-07-1298
243	Letty	Sextie	Female	168.220.183.169	101.225.79.19	3 Dwight Point	Asia/Yekaterinburg	Social Worker	Vinder	Anhui Medical University	French	Fine Art	+7 229 144 4054	True	Msc	Graduated	2018	B	55000.00	FT	3	225-07-1298
244	Joycelin	Jellard	Female	52.169.59.1	196.86.4.167	02 Truax Lane	Europe/Paris	Research Associate	Gabtype	University of Liberal Arts	Albanian	Driving License	+33 158 452 5955	False	phD	Waiting for gruaduation	2018	A	55000.00	PT	15	225-07-1298
245	Tamarra	Comberbeach	Female	73.180.239.19	127.32.13.15	605 Summerview Crossing	Europe/Stockholm	Teacher	Jaloo	Azusa Pacific University	Catalan	Online Travel	+46 229 570 0665	True	phD	Graduated	2018	A	55000.00	FT	25	225-07-1298
246	Israel	Seamen	Male	157.235.41.170	236.86.50.71	406 Waxwing Center	Asia/Jakarta	Web Developer II	Innojam	Universiti Malaysia Sarawak	Papiamento	Jet Engines	+62 435 616 8666	False	phD	Waiting for gruaduation	2018	C	55000.00	PT	15	225-07-1298
247	Saunders	Byre	Male	82.120.233.212	132.204.199.134	3363 Hoard Point	America/Denver	Environmental Specialist	Bubblemix	Leyte State University 	Lao	Bylined Articles	+1 505 761 7235	False	Msc	Graduated	2018	A	350000.00	PT	40	225-07-1298
248	Catherin	Bellelli	Female	121.183.208.144	109.20.164.33	3917 Butternut Avenue	Asia/Jakarta	Accounting Assistant II	Feedbug	American University of Armenia	Swati	XTRACT	+62 341 468 2987	True	phD	Waiting for gruaduation	2018	A	350000.00	PT	15	225-07-1298
249	Jory	Westgate	Male	3.206.88.123	116.142.121.181	9717 David Trail	Asia/Manila	Electrical Engineer	Realmix	Concordia College, Bronxville	Hiri Motu	Business Planning	+63 727 995 1721	False	Msc	Waiting for gruaduation	2018	B	350000.00	PT	40	225-07-1298
